name,text,likes,comments,hashtag,question_mark,emoji,average_length,clean_text,corpus,word_count,response,log_plus1,log
"Ann Price (she, her, hers)",It's almost Q4. Is your organization ready to build the evaluation strategy you need to change your community? https://bit.ly/3QReJLn #community #change #strategy #evaluation #coalition #nonprofit,0,0,6,1,0,6.6,its almost q is your organization ready to build the evaluation strategy you need to change your community       ,"['almost', 'q', 'organization', 'ready', 'build', 'evaluation', 'strategy', 'need', 'change', 'community', 'almost', 'q', 'organization', 'ready', 'build', 'evaluation', 'strategy', 'need', 'change', 'community']",20,0,0.0,0.0
"Ann Price (she, her, hers)","Hi everyone-

Office hours are tomorrow. Sharing the correct registration link.

https://bit.ly/3BGkO7L

Come with your Qs!

Ann",0,0,0,0,0,5.666666666666667,"hi everyone

office hours are tomorrow sharing the correct registration link



come with your qs

ann","['hi', 'everyone', 'office', 'hours', 'tomorrow', 'sharing', 'correct', 'registration', 'link', 'come', 'qs', 'ann', 'hi', 'everyone', 'office', 'hours', 'tomorrow', 'sharing', 'correct', 'registration', 'link', 'come', 'qs', 'ann']",24,0,0.0,0.0
"Ann Price (she, her, hers)","A year ago, it was only something on my vision board. Now my podcast lets me meet amazing #nonprofit #foundation and #community leaders like Jessica Nunan of Caminar Latino. Listen, be challenged and inspired.  https://communityevaluationsolutions.com/podcast",1,0,3,0,0,6.055555555555555,a year ago it was only something on my vision board now my podcast lets me meet amazing   and  leaders like jessica nunan of caminar latino listen be challenged and inspired  ,"['year', 'ago', 'something', 'vision', 'board', 'podcast', 'lets', 'meet', 'amazing', 'leaders', 'like', 'jessica', 'nunan', 'caminar', 'latino', 'listen', 'challenged', 'inspired', 'year', 'ago', 'something', 'vision', 'board', 'podcast', 'lets', 'meet', 'amazing', 'leaders', 'like', 'jessica', 'nunan', 'caminar', 'latino', 'listen', 'challenged', 'inspired']",36,1,0.6931471805599453,0.0
"Ann Price (she, her, hers)","New #podcast episode! Jessica Nunan of 
@CaminarLatino
 joined me on Community Possibilities to share their journey as  Georgia’s first and only comprehensive domestic violence intervention program for Latino families. Thank you Jessica! https://communityevaluationsolutions.com/podcast #peace #equity",0,0,3,0,0,7.45,"new  episode jessica nunan of 

 joined me on community possibilities to share their journey as  georgias first and only comprehensive domestic violence intervention program for latino families thank you jessica   ","['new', 'episode', 'jessica', 'nunan', 'joined', 'community', 'possibilities', 'share', 'journey', 'georgias', 'first', 'comprehensive', 'domestic', 'violence', 'intervention', 'program', 'latino', 'families', 'thank', 'jessica', 'new', 'episode', 'jessica', 'nunan', 'joined', 'community', 'possibilities', 'share', 'journey', 'georgias', 'first', 'comprehensive', 'domestic', 'violence', 'intervention', 'program', 'latino', 'families', 'thank', 'jessica']",40,0,0.0,0.0
"Ann Price (she, her, hers)","Office hours for #new and emerging #eval #consultants this Friday at 11 AM EST. I am in the hot seat. Bring your q’s, successes, and places where you are stuck. 
Register to attend Bitly Link: https://bit.ly/3JQQYjP #evaluation #consulting #entrepreneurmind",0,0,6,0,0,5.3125,"office hours for  and emerging   this friday at  am est i am in the hot seat bring your qs successes and places where you are stuck 
register to attend bitly link    ","['office', 'hours', 'emerging', 'friday', 'est', 'hot', 'seat', 'bring', 'qs', 'successes', 'places', 'stuck', 'register', 'attend', 'bitly', 'link', 'office', 'hours', 'emerging', 'friday', 'est', 'hot', 'seat', 'bring', 'qs', 'successes', 'places', 'stuck', 'register', 'attend', 'bitly', 'link']",32,0,0.0,0.0
"Ann Price (she, her, hers)",Sometimes you just need to start all over.,2,0,0,0,0,6.0,sometimes you just need to start all over,"['sometimes', 'need', 'start', 'sometimes', 'need', 'start']",6,2,1.0986122886681098,0.6931471805599453
"Ann Price (she, her, hers)","OMG, it's really happening. Our book will be published in May in the UK (available in the US electronically) and in July in the US. We did it 
@SusanWolfeAssoc
! #community #communityengagement #communityleadership #evaluation #coalitions #communitypsychology #consulting",8,0,7,0,0,5.583333333333333,"omg its really happening our book will be published in may in the uk available in the us electronically and in july in the us we did it 

       ","['omg', 'really', 'happening', 'book', 'published', 'may', 'uk', 'available', 'us', 'electronically', 'july', 'us', 'omg', 'really', 'happening', 'book', 'published', 'may', 'uk', 'available', 'us', 'electronically', 'july', 'us']",24,8,2.1972245773362196,2.0794415416798357
"Ann Price (she, her, hers)","""You make evaluation accessible"" a #coalition leader told me last week. Made. My. Day. Not sure where to start? Try my Evaluation Capacity Tool https://bit.ly/3PuPcql #evaluation #community #prevention",0,0,4,1,0,5.533333333333333,you make evaluation accessible a  leader told me last week made my day not sure where to start try my evaluation capacity tool    ,"['make', 'evaluation', 'accessible', 'leader', 'told', 'last', 'week', 'made', 'day', 'sure', 'start', 'try', 'evaluation', 'capacity', 'tool', 'make', 'evaluation', 'accessible', 'leader', 'told', 'last', 'week', 'made', 'day', 'sure', 'start', 'try', 'evaluation', 'capacity', 'tool']",30,0,0.0,0.0
"Ann Price (she, her, hers)","Thank you to whoever recommened this book to me. ""Bringing a simple solution to a complex behavioral challenge almost never works."" #coalition #systemsthinking #systemschange #evaluation",3,0,4,0,0,6.923076923076923,thank you to whoever recommened this book to me bringing a simple solution to a complex behavioral challenge almost never works    ,"['thank', 'whoever', 'recommened', 'book', 'bringing', 'simple', 'solution', 'complex', 'behavioral', 'challenge', 'almost', 'never', 'works', 'thank', 'whoever', 'recommened', 'book', 'bringing', 'simple', 'solution', 'complex', 'behavioral', 'challenge', 'almost', 'never', 'works']",26,3,1.3862943611198906,1.0986122886681098
"Ann Price (she, her, hers)","Thanks to our 
@aeaweb
 Summer Institute attendees who came to our follow-up session yesterday. 
@SusanWolfeAssoc
 and I loved seeing you. We had a great conversation on specific ways to measure #systemschange #partnerships #collaboration . See you at our workshop at #Eval22 in NOLA!",1,0,4,0,0,6.666666666666667,"thanks to our 

 summer institute attendees who came to our followup session yesterday 

 and i loved seeing you we had a great conversation on specific ways to measure     see you at our workshop at  in nola","['thanks', 'summer', 'institute', 'attendees', 'came', 'followup', 'session', 'yesterday', 'loved', 'seeing', 'great', 'conversation', 'specific', 'ways', 'measure', 'see', 'workshop', 'nola', 'thanks', 'summer', 'institute', 'attendees', 'came', 'followup', 'session', 'yesterday', 'loved', 'seeing', 'great', 'conversation', 'specific', 'ways', 'measure', 'see', 'workshop', 'nola']",36,1,0.6931471805599453,0.0
"Ann Price (she, her, hers)",Yes please!,1,0,0,0,0,4.5,yes please,"['yes', 'please', 'yes', 'please']",4,1,0.6931471805599453,0.0
"Ann Price (she, her, hers)","Is evaluation chore that thing that you, #nonprofit #coalition can't get to? I get it. Read the full blog here: https://bit.ly/3eBeOFc #evaluation #keepitsimple",1,0,4,1,0,4.666666666666667,is evaluation chore that thing that you   cant get to i get it read the full blog here   ,"['evaluation', 'chore', 'thing', 'cant', 'get', 'get', 'read', 'full', 'blog', 'evaluation', 'chore', 'thing', 'cant', 'get', 'get', 'read', 'full', 'blog']",18,1,0.6931471805599453,0.0
"Ann Price (she, her, hers)","Made my day to hear this on my walk this morning. Yay and welcome back! and thanks for the shout out 
@c_camman
 and 
@StrongRoots_SK",5,0,0,0,0,4.7,"made my day to hear this on my walk this morning yay and welcome back and thanks for the shout out 

 and 
","['made', 'day', 'hear', 'walk', 'morning', 'yay', 'welcome', 'back', 'thanks', 'shout', 'made', 'day', 'hear', 'walk', 'morning', 'yay', 'welcome', 'back', 'thanks', 'shout']",20,5,1.791759469228055,1.6094379124341003
"Ann Price (she, her, hers)",One of my workshop attendees last week asked me how to move their coalition from “just meeting” to accomplishing work. Great question! Here are 3 tips for you. Curious? Check out my new blog. #Coalitions #collaboratives #systemschange https://communityevaluationsolutions.com/blog,1,0,3,1,0,5.888888888888889,one of my workshop attendees last week asked me how to move their coalition from just meeting to accomplishing work great question here are  tips for you curious check out my new blog    ,"['one', 'workshop', 'attendees', 'last', 'week', 'asked', 'move', 'coalition', 'meeting', 'accomplishing', 'work', 'great', 'question', 'tips', 'curious', 'check', 'new', 'blog', 'one', 'workshop', 'attendees', 'last', 'week', 'asked', 'move', 'coalition', 'meeting', 'accomplishing', 'work', 'great', 'question', 'tips', 'curious', 'check', 'new', 'blog']",36,1,0.6931471805599453,0.0
"Ann Price (she, her, hers)","Office hours for #new and emerging #eval #consultants this Friday at 11 AM EST. Bring your q’s, successes, and places where you are stuck. 

Register to attend Bitly Link: https://bit.ly/3JQQYjP #evaluation #consulting #entrepreneurmind",2,0,6,0,0,5.571428571428571,"office hours for  and emerging   this friday at  am est bring your qs successes and places where you are stuck 

register to attend bitly link    ","['office', 'hours', 'emerging', 'friday', 'est', 'bring', 'qs', 'successes', 'places', 'stuck', 'register', 'attend', 'bitly', 'link', 'office', 'hours', 'emerging', 'friday', 'est', 'bring', 'qs', 'successes', 'places', 'stuck', 'register', 'attend', 'bitly', 'link']",28,2,1.0986122886681098,0.6931471805599453
"Ann Price (she, her, hers)","Calling all my #eval friends. My biz coach, Tracey Snoyer has a new coaching program just for us. Tracey has been my coach for the last 1 1/2 years and helped me make a major shift. Here is the link for more information: https://cascadeall.com/october-2022-evaluators-group.html… 
Feel free to DM me.",1,0,1,0,0,5.173913043478261,"calling all my  friends my biz coach tracey snoyer has a new coaching program just for us tracey has been my coach for the last   years and helped me make a major shift here is the link for more information  
feel free to dm me","['calling', 'friends', 'biz', 'coach', 'tracey', 'snoyer', 'new', 'coaching', 'program', 'us', 'tracey', 'coach', 'last', 'years', 'helped', 'make', 'major', 'shift', 'link', 'information', 'feel', 'free', 'dm', 'calling', 'friends', 'biz', 'coach', 'tracey', 'snoyer', 'new', 'coaching', 'program', 'us', 'tracey', 'coach', 'last', 'years', 'helped', 'make', 'major', 'shift', 'link', 'information', 'feel', 'free', 'dm']",46,1,0.6931471805599453,0.0
"Ann Price (she, her, hers)",NO Office hours THIS Friday. But will see you on 9/9 at 11 AM EST.,1,0,0,0,0,4.6,no office hours this friday but will see you on  at  am est,"['office', 'hours', 'friday', 'see', 'est', 'office', 'hours', 'friday', 'see', 'est']",10,1,0.6931471805599453,0.0
"Ann Price (she, her, hers)",It’s a wrap. Grateful for engaging participants. Teaching building strong coalitions at #GSAS2022. #coalitions #evaluation #community,1,0,4,0,0,8.0,its a wrap grateful for engaging participants teaching building strong coalitions at    ,"['wrap', 'grateful', 'engaging', 'participants', 'teaching', 'building', 'strong', 'coalitions', 'wrap', 'grateful', 'engaging', 'participants', 'teaching', 'building', 'strong', 'coalitions']",16,1,0.6931471805599453,0.0
"Ann Price (she, her, hers)",Excited to be attending and presenting at the GA School of Addition Studies. Addiction is a series medical condition.  #prevention works. #recovery is possible. #gapol #garecovers #GSA2022,0,0,5,0,0,7.153846153846154,excited to be attending and presenting at the ga school of addition studies addiction is a series medical condition   works  is possible   ,"['excited', 'attending', 'presenting', 'ga', 'school', 'addition', 'studies', 'addiction', 'series', 'medical', 'condition', 'works', 'possible', 'excited', 'attending', 'presenting', 'ga', 'school', 'addition', 'studies', 'addiction', 'series', 'medical', 'condition', 'works', 'possible']",26,0,0.0,0.0
"Ann Price (she, her, hers)",Looking forward to seeing prevention specialists from all over Georgia at the Georgia School of Addiction Studies next week in Savannah. Join me for a dynamic workshop on Building Strong https://thegeorgiaschool.org  #Coalitions #substanceabuseawareness #preventionsaveslives,0,0,3,0,0,7.0,looking forward to seeing prevention specialists from all over georgia at the georgia school of addiction studies next week in savannah join me for a dynamic workshop on building strong     ,"['looking', 'forward', 'seeing', 'prevention', 'specialists', 'georgia', 'georgia', 'school', 'addiction', 'studies', 'next', 'week', 'savannah', 'join', 'dynamic', 'workshop', 'building', 'strong', 'looking', 'forward', 'seeing', 'prevention', 'specialists', 'georgia', 'georgia', 'school', 'addiction', 'studies', 'next', 'week', 'savannah', 'join', 'dynamic', 'workshop', 'building', 'strong']",36,0,0.0,0.0
Viable Insights,"With Ann and her Simple Spreadsheets course, you'll master a step-by-step process for exploring, cleaning, analyzing, and tabulating your dataset. These spreadsheet skills will save your time, energy, and sanity. Register today by clicking the link below!
https://depictdatastudio.teachable.com/?affcode=202644_ctikeudw…",3,0,0,1,0,6.956521739130435,"with ann and her simple spreadsheets course youll master a stepbystep process for exploring cleaning analyzing and tabulating your dataset these spreadsheet skills will save your time energy and sanity register today by clicking the link below
","['ann', 'simple', 'spreadsheets', 'course', 'youll', 'master', 'stepbystep', 'process', 'exploring', 'cleaning', 'analyzing', 'tabulating', 'dataset', 'spreadsheet', 'skills', 'save', 'time', 'energy', 'sanity', 'register', 'today', 'clicking', 'link', 'ann', 'simple', 'spreadsheets', 'course', 'youll', 'master', 'stepbystep', 'process', 'exploring', 'cleaning', 'analyzing', 'tabulating', 'dataset', 'spreadsheet', 'skills', 'save', 'time', 'energy', 'sanity', 'register', 'today', 'clicking', 'link']",46,3,1.3862943611198906,1.0986122886681098
Viable Insights,"Sign up for our newsletters to read about the behind the scenes of our work. Simply scroll to the very bottom of our website and put in your email to subscribe.
Already signed up? Keep an eye on your email!",0,0,0,1,0,5.666666666666667,"sign up for our newsletters to read about the behind the scenes of our work simply scroll to the very bottom of our website and put in your email to subscribe
already signed up keep an eye on your email","['sign', 'newsletters', 'read', 'behind', 'scenes', 'work', 'simply', 'scroll', 'bottom', 'website', 'put', 'email', 'subscribe', 'already', 'signed', 'keep', 'eye', 'email', 'sign', 'newsletters', 'read', 'behind', 'scenes', 'work', 'simply', 'scroll', 'bottom', 'website', 'put', 'email', 'subscribe', 'already', 'signed', 'keep', 'eye', 'email']",36,0,0.0,0.0
Viable Insights,"Whether assessing the effectiveness of a training initiative or evaluating the influence of a systems change project — we’re here to help you vision, design, implement, and derive insights!",2,0,0,0,0,7.8125,whether assessing the effectiveness of a training initiative or evaluating the influence of a systems change project  were here to help you vision design implement and derive insights,"['whether', 'assessing', 'effectiveness', 'training', 'initiative', 'evaluating', 'influence', 'systems', 'change', 'project', 'help', 'vision', 'design', 'implement', 'derive', 'insights', 'whether', 'assessing', 'effectiveness', 'training', 'initiative', 'evaluating', 'influence', 'systems', 'change', 'project', 'help', 'vision', 'design', 'implement', 'derive', 'insights']",32,2,1.0986122886681098,0.6931471805599453
Viable Insights,"If you are ready to use data in your day-to-day work, but don't quite have the infrastructure or organizational buy-in to make it happen, we can help! We'll work with you to develop processes/databases to help your team share and use data more effectively in your work.",1,0,0,0,0,6.166666666666667,if you are ready to use data in your daytoday work but dont quite have the infrastructure or organizational buyin to make it happen we can help well work with you to develop processesdatabases to help your team share and use data more effectively in your work,"['ready', 'use', 'data', 'daytoday', 'work', 'dont', 'quite', 'infrastructure', 'organizational', 'buyin', 'make', 'happen', 'help', 'well', 'work', 'develop', 'processesdatabases', 'help', 'team', 'share', 'use', 'data', 'effectively', 'work', 'ready', 'use', 'data', 'daytoday', 'work', 'dont', 'quite', 'infrastructure', 'organizational', 'buyin', 'make', 'happen', 'help', 'well', 'work', 'develop', 'processesdatabases', 'help', 'team', 'share', 'use', 'data', 'effectively', 'work']",48,1,0.6931471805599453,0.0
Viable Insights,Nothing makes us feel better and more energized for this work than hearing the stories of our partners!,1,0,0,0,0,5.9,nothing makes us feel better and more energized for this work than hearing the stories of our partners,"['nothing', 'makes', 'us', 'feel', 'better', 'energized', 'work', 'hearing', 'stories', 'partners', 'nothing', 'makes', 'us', 'feel', 'better', 'energized', 'work', 'hearing', 'stories', 'partners']",20,1,0.6931471805599453,0.0
Viable Insights,"We see you and we appreciate you for all of your hard work.
Happy Labor Day!",1,0,0,0,0,4.857142857142857,"we see you and we appreciate you for all of your hard work
happy labor day","['see', 'appreciate', 'hard', 'work', 'happy', 'labor', 'day', 'see', 'appreciate', 'hard', 'work', 'happy', 'labor', 'day']",14,1,0.6931471805599453,0.0
Viable Insights,Truth,5,0,0,0,0,5.0,truth,"['truth', 'truth']",2,5,1.791759469228055,1.6094379124341003
Viable Insights,"Happy National Dog day
A special shoutout to all the pups out there who stay quiet during virtual meetings!

#nationaldogday",2,0,1,0,0,5.636363636363637,"happy national dog day
a special shoutout to all the pups out there who stay quiet during virtual meetings

","['happy', 'national', 'dog', 'day', 'special', 'shoutout', 'pups', 'stay', 'quiet', 'virtual', 'meetings', 'happy', 'national', 'dog', 'day', 'special', 'shoutout', 'pups', 'stay', 'quiet', 'virtual', 'meetings']",22,2,1.0986122886681098,0.6931471805599453
Viable Insights,"You can read all about incentivizing participation in research in part 3 of the VIRB blog series today!
https://viableinsights.com/2022/08/17/should-you-incentivize-participation-in-research/…",0,0,0,0,0,6.777777777777778,"you can read all about incentivizing participation in research in part  of the virb blog series today
","['read', 'incentivizing', 'participation', 'research', 'part', 'virb', 'blog', 'series', 'today', 'read', 'incentivizing', 'participation', 'research', 'part', 'virb', 'blog', 'series', 'today']",18,0,0.0,0.0
Viable Insights,"Guilty...

#dataviz #Data",0,0,2,0,0,6.0,"guilty

 ","['guilty', 'guilty']",2,0,0.0,0.0
Viable Insights,"Although Viable Insights is a Tucson-based organization, our work extends far beyond the boarders of Arizona. We have effectively partnered with organizations across the U.S., and are confident we can help your team regardless of where you are geographically.",1,0,0,0,0,7.714285714285714,although viable insights is a tucsonbased organization our work extends far beyond the boarders of arizona we have effectively partnered with organizations across the us and are confident we can help your team regardless of where you are geographically,"['although', 'viable', 'insights', 'tucsonbased', 'organization', 'work', 'extends', 'far', 'beyond', 'boarders', 'arizona', 'effectively', 'partnered', 'organizations', 'across', 'us', 'confident', 'help', 'team', 'regardless', 'geographically', 'although', 'viable', 'insights', 'tucsonbased', 'organization', 'work', 'extends', 'far', 'beyond', 'boarders', 'arizona', 'effectively', 'partnered', 'organizations', 'across', 'us', 'confident', 'help', 'team', 'regardless', 'geographically']",42,1,0.6931471805599453,0.0
Nicole Clark Consulting,"From food safety to understanding mental health and addiction recovery, how will you raise your voice for women and girls of color in September?

Share what you're doing this month and find more awareness observances at http://nicoleclarkconsulting.com/awareness-day-finder/…",1,0,0,1,0,6.578947368421052,"from food safety to understanding mental health and addiction recovery how will you raise your voice for women and girls of color in september

share what youre doing this month and find more awareness observances at ","['food', 'safety', 'understanding', 'mental', 'health', 'addiction', 'recovery', 'raise', 'voice', 'women', 'girls', 'color', 'september', 'share', 'youre', 'month', 'find', 'awareness', 'observances', 'food', 'safety', 'understanding', 'mental', 'health', 'addiction', 'recovery', 'raise', 'voice', 'women', 'girls', 'color', 'september', 'share', 'youre', 'month', 'find', 'awareness', 'observances']",38,1,0.6931471805599453,0.0
Nonprofit.ist,"The 2022 Fall Nonprofit Learning Series looks at the topic of designing learning spaces for belonging through three lenses: racial equity, accessibility, and culture & language inclusivity. Take a look at the sessions & register now -->",1,0,0,0,0,7.045454545454546,the  fall nonprofit learning series looks at the topic of designing learning spaces for belonging through three lenses racial equity accessibility and culture  language inclusivity take a look at the sessions  register now ,"['fall', 'nonprofit', 'learning', 'series', 'looks', 'topic', 'designing', 'learning', 'spaces', 'belonging', 'three', 'lenses', 'racial', 'equity', 'accessibility', 'culture', 'language', 'inclusivity', 'take', 'look', 'sessions', 'register', 'fall', 'nonprofit', 'learning', 'series', 'looks', 'topic', 'designing', 'learning', 'spaces', 'belonging', 'three', 'lenses', 'racial', 'equity', 'accessibility', 'culture', 'language', 'inclusivity', 'take', 'look', 'sessions', 'register']",44,1,0.6931471805599453,0.0
Nonprofit.ist,A number of great http://Nonprofit.ist experts are taking part in this free summit. Make sure you sign up now! --> http://nonprofsummit.com,0,0,0,0,0,5.0,a number of great  experts are taking part in this free summit make sure you sign up now  ,"['number', 'great', 'experts', 'taking', 'part', 'free', 'summit', 'make', 'sure', 'sign', 'number', 'great', 'experts', 'taking', 'part', 'free', 'summit', 'make', 'sure', 'sign']",20,0,0.0,0.0
Nonprofit.ist,"Do you know the difference between RFPs, RFIs and RFCs? In this guest article from 
@WholeWhale
, learn how each differ and how to use them to reach the consulting help you need:  https://nonprofit.ist/when-to-use-rfp-rfi-rfc…

#nonprofit #RFP #nonprofitconsulting",2,0,3,1,0,5.357142857142857,"do you know the difference between rfps rfis and rfcs in this guest article from 

 learn how each differ and how to use them to reach the consulting help you need  

  ","['know', 'difference', 'rfps', 'rfis', 'rfcs', 'guest', 'article', 'learn', 'differ', 'use', 'reach', 'consulting', 'help', 'need', 'know', 'difference', 'rfps', 'rfis', 'rfcs', 'guest', 'article', 'learn', 'differ', 'use', 'reach', 'consulting', 'help', 'need']",28,2,1.0986122886681098,0.6931471805599453
Nonprofit.ist,"Take a listen to this 
@smallnonprofits
 episode with hosts 
@bacon_world
 (http://Nonprofit.ist expert!) and Sarah Brooks. There is help for nonprofits out there! --> https://nonprofitradioshow.com/2022/08/10/episode-53-who-to-call-when-you-need-help/… 

#podcast #nonprofit #nonprofitconsulting",1,0,3,0,0,5.888888888888889,"take a listen to this 

 episode with hosts 

  expert and sarah brooks there is help for nonprofits out there   

  ","['take', 'listen', 'episode', 'hosts', 'expert', 'sarah', 'brooks', 'help', 'nonprofits', 'take', 'listen', 'episode', 'hosts', 'expert', 'sarah', 'brooks', 'help', 'nonprofits']",18,1,0.6931471805599453,0.0
Nonprofit.ist,"Have questions about finding a nonprofit consultant? Looking for info on the different ways to get help? Want to download toolkits that help you and your nonprofit find success? Check out our Nonprofit resources page --> https://nonprofit.ist/npresources

#nonprofit #nonprofitconsulting",0,0,2,3,0,6.523809523809524,"have questions about finding a nonprofit consultant looking for info on the different ways to get help want to download toolkits that help you and your nonprofit find success check out our nonprofit resources page  

 ","['questions', 'finding', 'nonprofit', 'consultant', 'looking', 'info', 'different', 'ways', 'get', 'help', 'want', 'download', 'toolkits', 'help', 'nonprofit', 'find', 'success', 'check', 'nonprofit', 'resources', 'page', 'questions', 'finding', 'nonprofit', 'consultant', 'looking', 'info', 'different', 'ways', 'get', 'help', 'want', 'download', 'toolkits', 'help', 'nonprofit', 'find', 'success', 'check', 'nonprofit', 'resources', 'page']",42,0,0.0,0.0
Nonprofit.ist,"If you're looking for tips on successful RFPs, RFIs and RFCs, check out this guest article from 
@WholeWhale
! --> https://nonprofit.ist/when-to-use-rfp-rfi-rfc…

#nonprofit #nonprofitconsulting #nonprofitconsultants",0,0,3,0,0,5.5,"if youre looking for tips on successful rfps rfis and rfcs check out this guest article from 

  

  ","['youre', 'looking', 'tips', 'successful', 'rfps', 'rfis', 'rfcs', 'check', 'guest', 'article', 'youre', 'looking', 'tips', 'successful', 'rfps', 'rfis', 'rfcs', 'check', 'guest', 'article']",20,0,0.0,0.0
Nonprofit.ist,"Should your nonprofit join the latest social media channel? Here are some great things to consider before you join a platform. 

Want additional help? Comms & marketing consultants in the http://Nonprofit.ist directory can help you strategize: https://nonprofit.ist/expert/marketing-and-communications…",1,0,0,2,0,6.7,"should your nonprofit join the latest social media channel here are some great things to consider before you join a platform 

want additional help comms  marketing consultants in the  directory can help you strategize ","['nonprofit', 'join', 'latest', 'social', 'media', 'channel', 'great', 'things', 'consider', 'join', 'platform', 'want', 'additional', 'help', 'comms', 'marketing', 'consultants', 'directory', 'help', 'strategize', 'nonprofit', 'join', 'latest', 'social', 'media', 'channel', 'great', 'things', 'consider', 'join', 'platform', 'want', 'additional', 'help', 'comms', 'marketing', 'consultants', 'directory', 'help', 'strategize']",40,1,0.6931471805599453,0.0
Joan Garry,"Before you join a board, how can you know what you’re getting yourself into? Here are 5 questions you should ask before you say yes.",2,0,0,1,0,4.777777777777778,before you join a board how can you know what youre getting yourself into here are  questions you should ask before you say yes,"['join', 'board', 'know', 'youre', 'getting', 'questions', 'ask', 'say', 'yes', 'join', 'board', 'know', 'youre', 'getting', 'questions', 'ask', 'say', 'yes']",18,2,1.0986122886681098,0.6931471805599453
Joan Garry,Let's set a realistic goal for today... What’s ONE thing you plan to accomplish today? #TheONEThing,1,1,1,1,0,5.181818181818182,lets set a realistic goal for today whats one thing you plan to accomplish today ,"['lets', 'set', 'realistic', 'goal', 'today', 'whats', 'one', 'thing', 'plan', 'accomplish', 'today', 'lets', 'set', 'realistic', 'goal', 'today', 'whats', 'one', 'thing', 'plan', 'accomplish', 'today']",22,2,1.0986122886681098,0.6931471805599453
Joan Garry,"As a board member, it is so important to bring your voice — starting from day one!

Your organization needs the unique perspective that only YOU can bring. 

#NonprofitBoard #NonprofitBoardMember #NonprofitOrganization",8,0,3,0,0,6.384615384615385,"as a board member it is so important to bring your voice  starting from day one

your organization needs the unique perspective that only you can bring 

  ","['board', 'member', 'important', 'bring', 'voice', 'starting', 'day', 'one', 'organization', 'needs', 'unique', 'perspective', 'bring', 'board', 'member', 'important', 'bring', 'voice', 'starting', 'day', 'one', 'organization', 'needs', 'unique', 'perspective', 'bring']",26,8,2.1972245773362196,2.0794415416798357
Joan Garry,"Do you ever find yourself struggling with the strategic planning process? Many nonprofit leaders do.

But according to my guest in today's podcast episode, 
@RobertRaben
 (founder of 
@TheRabenGroup
) strategy work is a lot like love...tune in to learn why:",5,0,0,1,0,6.428571428571429,"do you ever find yourself struggling with the strategic planning process many nonprofit leaders do

but according to my guest in todays podcast episode 

 founder of 

 strategy work is a lot like lovetune in to learn why","['ever', 'find', 'struggling', 'strategic', 'planning', 'process', 'many', 'nonprofit', 'leaders', 'according', 'guest', 'todays', 'podcast', 'episode', 'founder', 'strategy', 'work', 'lot', 'like', 'lovetune', 'learn', 'ever', 'find', 'struggling', 'strategic', 'planning', 'process', 'many', 'nonprofit', 'leaders', 'according', 'guest', 'todays', 'podcast', 'episode', 'founder', 'strategy', 'work', 'lot', 'like', 'lovetune', 'learn']",42,5,1.791759469228055,1.6094379124341003
Joan Garry,"Have you ever said the words, “I can’t find board members”?

Find the answers you need here:",4,0,0,1,0,4.8,"have you ever said the words i cant find board members

find the answers you need here","['ever', 'said', 'words', 'cant', 'find', 'board', 'members', 'find', 'answers', 'need', 'ever', 'said', 'words', 'cant', 'find', 'board', 'members', 'find', 'answers', 'need']",20,4,1.6094379124341003,1.3862943611198906
Joan Garry,"A poorly constructed advisory board can cause more problems than it solves.

So how can you make an advisory board really count?

By having a clear idea of why your organization needs one and who should be serving on it. Keep reading to get the scoop:",0,0,0,1,0,6.0,"a poorly constructed advisory board can cause more problems than it solves

so how can you make an advisory board really count

by having a clear idea of why your organization needs one and who should be serving on it keep reading to get the scoop","['poorly', 'constructed', 'advisory', 'board', 'cause', 'problems', 'solves', 'make', 'advisory', 'board', 'really', 'count', 'clear', 'idea', 'organization', 'needs', 'one', 'serving', 'keep', 'reading', 'get', 'scoop', 'poorly', 'constructed', 'advisory', 'board', 'cause', 'problems', 'solves', 'make', 'advisory', 'board', 'really', 'count', 'clear', 'idea', 'organization', 'needs', 'one', 'serving', 'keep', 'reading', 'get', 'scoop']",44,0,0.0,0.0
Joan Garry,"In this episode I chat with 
@annmei
, CEO of 
@CandidDotOrg
, an organization that works to connect those who want to give with those who are working hard to make a difference.

Tune in to learn how Candid can help you fund your mission:",8,1,0,0,0,5.611111111111111,"in this episode i chat with 

 ceo of 

 an organization that works to connect those who want to give with those who are working hard to make a difference

tune in to learn how candid can help you fund your mission","['episode', 'chat', 'ceo', 'organization', 'works', 'connect', 'want', 'give', 'working', 'hard', 'make', 'difference', 'tune', 'learn', 'candid', 'help', 'fund', 'mission', 'episode', 'chat', 'ceo', 'organization', 'works', 'connect', 'want', 'give', 'working', 'hard', 'make', 'difference', 'tune', 'learn', 'candid', 'help', 'fund', 'mission']",36,9,2.302585092994046,2.1972245773362196
Joan Garry,"Post-meeting *crickets*. Rubber stamping. Board meetings that feel more like ""show & tell"" rather than shared leadership.

These could be the signs of a disengaged board — or, it could be a sign that your board members don't know the value of their input:",0,0,0,0,0,5.92,"postmeeting crickets rubber stamping board meetings that feel more like show  tell rather than shared leadership

these could be the signs of a disengaged board  or it could be a sign that your board members dont know the value of their input","['postmeeting', 'crickets', 'rubber', 'stamping', 'board', 'meetings', 'feel', 'like', 'show', 'tell', 'rather', 'shared', 'leadership', 'could', 'signs', 'disengaged', 'board', 'could', 'sign', 'board', 'members', 'dont', 'know', 'value', 'input', 'postmeeting', 'crickets', 'rubber', 'stamping', 'board', 'meetings', 'feel', 'like', 'show', 'tell', 'rather', 'shared', 'leadership', 'could', 'signs', 'disengaged', 'board', 'could', 'sign', 'board', 'members', 'dont', 'know', 'value', 'input']",50,0,0.0,0.0
Joan Garry,"It's time to take charge & build the board you want. 

What's 1 thing you can take action on today (no matter how small it seems) to improve the effectiveness of your board?

This jampacked workshop has some practical strategies to help you get started: https://nonprofitleadershiplab.com/free/fixmyboard/…",3,0,0,1,0,6.0,"its time to take charge  build the board you want 

whats  thing you can take action on today no matter how small it seems to improve the effectiveness of your board

this jampacked workshop has some practical strategies to help you get started ","['time', 'take', 'charge', 'build', 'board', 'want', 'whats', 'thing', 'take', 'action', 'today', 'matter', 'small', 'seems', 'improve', 'effectiveness', 'board', 'jampacked', 'workshop', 'practical', 'strategies', 'help', 'get', 'started', 'time', 'take', 'charge', 'build', 'board', 'want', 'whats', 'thing', 'take', 'action', 'today', 'matter', 'small', 'seems', 'improve', 'effectiveness', 'board', 'jampacked', 'workshop', 'practical', 'strategies', 'help', 'get', 'started']",48,3,1.3862943611198906,1.0986122886681098
Joan Garry,"To every nonprofit executive director, staff member, and volunteer...

Thank you for answering the call and touching the work — I don't know what we'd do without you. #HappyLaborDay #Nonprofits",19,0,2,0,0,6.1875,"to every nonprofit executive director staff member and volunteer

thank you for answering the call and touching the work  i dont know what wed do without you  ","['every', 'nonprofit', 'executive', 'director', 'staff', 'member', 'volunteer', 'thank', 'answering', 'call', 'touching', 'work', 'dont', 'know', 'wed', 'without', 'every', 'nonprofit', 'executive', 'director', 'staff', 'member', 'volunteer', 'thank', 'answering', 'call', 'touching', 'work', 'dont', 'know', 'wed', 'without']",32,19,2.995732273553991,2.9444389791664403
Joan Garry,"There is nothing wrong with being a do-gooder, and trust me, our world is lucky to have people like you. But it is important to remember to fill your own cup as well by taking care of yourself. #NonprofitLeader #SelfCare",8,0,2,0,0,5.533333333333333,there is nothing wrong with being a dogooder and trust me our world is lucky to have people like you but it is important to remember to fill your own cup as well by taking care of yourself  ,"['nothing', 'wrong', 'dogooder', 'trust', 'world', 'lucky', 'people', 'like', 'important', 'remember', 'fill', 'cup', 'well', 'taking', 'care', 'nothing', 'wrong', 'dogooder', 'trust', 'world', 'lucky', 'people', 'like', 'important', 'remember', 'fill', 'cup', 'well', 'taking', 'care']",30,8,2.1972245773362196,2.0794415416798357
Joan Garry,"What is belonging? Here's a clue—it's not just fitting in. 

How do you define belonging?",9,0,0,2,0,7.166666666666667,"what is belonging heres a clueits not just fitting in 

how do you define belonging","['belonging', 'heres', 'clueits', 'fitting', 'define', 'belonging', 'belonging', 'heres', 'clueits', 'fitting', 'define', 'belonging']",12,9,2.302585092994046,2.1972245773362196
Joan Garry,Do you know the telltale signs of founder syndrome? Click here to learn more: https://joangarry.com/podcast/ep-96-the-telltale-signs-of-founder-syndrome-part-1/… #NonprofitSupport,2,0,1,1,0,6.0,do you know the telltale signs of founder syndrome click here to learn more  ,"['know', 'telltale', 'signs', 'founder', 'syndrome', 'click', 'learn', 'know', 'telltale', 'signs', 'founder', 'syndrome', 'click', 'learn']",14,2,1.0986122886681098,0.6931471805599453
Joan Garry,"Earlier this year, I told you all about my big commitment for 2022: to shine a light on the dysfunctional power dynamics that are embedded in the nonprofit sector.

And I asked you to hold me accountable.

Click here to hear how things are going:",1,0,0,0,0,6.35,"earlier this year i told you all about my big commitment for  to shine a light on the dysfunctional power dynamics that are embedded in the nonprofit sector

and i asked you to hold me accountable

click here to hear how things are going","['earlier', 'year', 'told', 'big', 'commitment', 'shine', 'light', 'dysfunctional', 'power', 'dynamics', 'embedded', 'nonprofit', 'sector', 'asked', 'hold', 'accountable', 'click', 'hear', 'things', 'going', 'earlier', 'year', 'told', 'big', 'commitment', 'shine', 'light', 'dysfunctional', 'power', 'dynamics', 'embedded', 'nonprofit', 'sector', 'asked', 'hold', 'accountable', 'click', 'hear', 'things', 'going']",40,1,0.6931471805599453,0.0
Joan Garry,"Nonprofit leaders, this is why our world so desperately needs people like you…

Leave a  if you agree.",2,0,0,0,0,6.333333333333333,"nonprofit leaders this is why our world so desperately needs people like you

leave a  if you agree","['nonprofit', 'leaders', 'world', 'desperately', 'needs', 'people', 'like', 'leave', 'agree', 'nonprofit', 'leaders', 'world', 'desperately', 'needs', 'people', 'like', 'leave', 'agree']",18,2,1.0986122886681098,0.6931471805599453
Joan Garry,Here's a bonus step: Join my free live training to learn everything you need to know to help your board become stronger and more ignited than ever before:,0,0,0,0,0,5.352941176470588,heres a bonus step join my free live training to learn everything you need to know to help your board become stronger and more ignited than ever before,"['heres', 'bonus', 'step', 'join', 'free', 'live', 'training', 'learn', 'everything', 'need', 'know', 'help', 'board', 'become', 'stronger', 'ignited', 'ever', 'heres', 'bonus', 'step', 'join', 'free', 'live', 'training', 'learn', 'everything', 'need', 'know', 'help', 'board', 'become', 'stronger', 'ignited', 'ever']",34,0,0.0,0.0
Joan Garry,"Your board is one of the most valuable resources your org has...if you know how to leverage each member’s strengths.

Check out this blog post to learn 5 steps your board can take right now to maximize its impact:",4,1,0,0,0,5.6,"your board is one of the most valuable resources your org hasif you know how to leverage each members strengths

check out this blog post to learn  steps your board can take right now to maximize its impact","['board', 'one', 'valuable', 'resources', 'org', 'hasif', 'know', 'leverage', 'members', 'strengths', 'check', 'blog', 'post', 'learn', 'steps', 'board', 'take', 'right', 'maximize', 'impact', 'board', 'one', 'valuable', 'resources', 'org', 'hasif', 'know', 'leverage', 'members', 'strengths', 'check', 'blog', 'post', 'learn', 'steps', 'board', 'take', 'right', 'maximize', 'impact']",40,5,1.791759469228055,1.6094379124341003
Joan Garry,"In this episode, I chat with the 
@URJorg
's board nominations chair, Daryl Messinger, about how she helped this org identify a diverse slate of 39 forward-thinking, open-minded board members. 

Tune in to learn more about her journey:",2,0,0,0,0,6.7368421052631575,"in this episode i chat with the 

s board nominations chair daryl messinger about how she helped this org identify a diverse slate of  forwardthinking openminded board members 

tune in to learn more about her journey","['episode', 'chat', 'board', 'nominations', 'chair', 'daryl', 'messinger', 'helped', 'org', 'identify', 'diverse', 'slate', 'forwardthinking', 'openminded', 'board', 'members', 'tune', 'learn', 'journey', 'episode', 'chat', 'board', 'nominations', 'chair', 'daryl', 'messinger', 'helped', 'org', 'identify', 'diverse', 'slate', 'forwardthinking', 'openminded', 'board', 'members', 'tune', 'learn', 'journey']",38,2,1.0986122886681098,0.6931471805599453
Joan Garry,"When you need to de-stress, what is your favorite go-to activity?",1,0,0,1,0,6.4,when you need to destress what is your favorite goto activity,"['need', 'destress', 'favorite', 'goto', 'activity', 'need', 'destress', 'favorite', 'goto', 'activity']",10,1,0.6931471805599453,0.0
Joan Garry,"What if I told you that your value as a nonprofit leader is not entirely measured by the amount of $ you bring in?

Listen as guest 
@DayOneDrew
 shares where you can really make the most impact in this episode of Nonprofits Are Messy: https://joangarry.com/ep-143-lollipop-moments-and-everyday-leadership-lessons-with-drew-dudley/… 
#NonprofitLeadership",1,0,1,1,0,6.235294117647059,"what if i told you that your value as a nonprofit leader is not entirely measured by the amount of  you bring in

listen as guest 

 shares where you can really make the most impact in this episode of nonprofits are messy  
","['told', 'value', 'nonprofit', 'leader', 'entirely', 'measured', 'amount', 'bring', 'listen', 'guest', 'shares', 'really', 'make', 'impact', 'episode', 'nonprofits', 'messy', 'told', 'value', 'nonprofit', 'leader', 'entirely', 'measured', 'amount', 'bring', 'listen', 'guest', 'shares', 'really', 'make', 'impact', 'episode', 'nonprofits', 'messy']",34,1,0.6931471805599453,0.0
Think and Ink Grants,"Are you looking for grant writers to fuel your specific organization’s needs?
 
Our mission is to find the perfect grants, win them, and manage them so our clients build a consistent and strong relationship with funders. 
 
Schedule a consultation call today!",0,0,0,1,0,6.869565217391305,"are you looking for grant writers to fuel your specific organizations needs
 
our mission is to find the perfect grants win them and manage them so our clients build a consistent and strong relationship with funders 
 
schedule a consultation call today","['looking', 'grant', 'writers', 'fuel', 'specific', 'organizations', 'needs', 'mission', 'find', 'perfect', 'grants', 'win', 'manage', 'clients', 'build', 'consistent', 'strong', 'relationship', 'funders', 'schedule', 'consultation', 'call', 'today', 'looking', 'grant', 'writers', 'fuel', 'specific', 'organizations', 'needs', 'mission', 'find', 'perfect', 'grants', 'win', 'manage', 'clients', 'build', 'consistent', 'strong', 'relationship', 'funders', 'schedule', 'consultation', 'call', 'today']",46,0,0.0,0.0
Think and Ink Grants,"We are grant writers and consultants committed to helping you win grants.

#grantwriter #grants #nonprofit #charity #501c3 #grant #nonprofitgrants #GPA #GrantProfessionalsAssociation #giving #funding #nonprofitfunding #funder #nonprofitfunder",0,0,14,0,0,6.857142857142857,"we are grant writers and consultants committed to helping you win grants

             ","['grant', 'writers', 'consultants', 'committed', 'helping', 'win', 'grants', 'grant', 'writers', 'consultants', 'committed', 'helping', 'win', 'grants']",14,0,0.0,0.0
Think and Ink Grants,Celebrate Hispanic Heritage month!,2,0,0,0,0,7.5,celebrate hispanic heritage month,"['celebrate', 'hispanic', 'heritage', 'month', 'celebrate', 'hispanic', 'heritage', 'month']",8,2,1.0986122886681098,0.6931471805599453
Think and Ink Grants,"""Even the smallest act of service, the simplest act of kindness, is a way to honor those we lost, a way to reclaim that spirit of unity that followed 9/11.""
—President Obama

#911 #neverforget #grantwriter #grants",1,0,4,0,0,5.647058823529412,"even the smallest act of service the simplest act of kindness is a way to honor those we lost a way to reclaim that spirit of unity that followed 
president obama

   ","['even', 'smallest', 'act', 'service', 'simplest', 'act', 'kindness', 'way', 'honor', 'lost', 'way', 'reclaim', 'spirit', 'unity', 'followed', 'president', 'obama', 'even', 'smallest', 'act', 'service', 'simplest', 'act', 'kindness', 'way', 'honor', 'lost', 'way', 'reclaim', 'spirit', 'unity', 'followed', 'president', 'obama']",34,1,0.6931471805599453,0.0
Think and Ink Grants,"We love to hear our clients experiences. 

#grantwriter #grants #nonprofit #charity #501c3 #grant #nonprofitgrants #GPA #GrantProfessionalsAssociation #giving #funding #nonprofitfunding #funder #nonprofitfunder",0,0,14,0,0,6.5,"we love to hear our clients experiences 

             ","['love', 'hear', 'clients', 'experiences', 'love', 'hear', 'clients', 'experiences']",8,0,0.0,0.0
Think and Ink Grants,"Celebrating America’s workers, today and every day.",0,0,0,0,0,6.5,celebrating americas workers today and every day,"['celebrating', 'americas', 'workers', 'today', 'every', 'day', 'celebrating', 'americas', 'workers', 'today', 'every', 'day']",12,0,0.0,0.0
Think and Ink Grants,"Want to learn more about what we do and how we can support you?

Visit our website at http://thinkandinkgrants.com

#grantwriter #grants #nonprofit #charity #501c3 #grant #nonprofitgrants #GPA #GrantProfessionalsAssociation #giving #funding #nonprofitfunding #funder #nonprofitfunder",0,0,14,1,0,5.6,"want to learn more about what we do and how we can support you

visit our website at 

             ","['want', 'learn', 'support', 'visit', 'website', 'want', 'learn', 'support', 'visit', 'website']",10,0,0.0,0.0
Think and Ink Grants,"We specialize in grants supporting women, children, health, and education.

Schedule a free consultation today at http://thinkandinkgrants.com

#grantwriter #grants #nonprofit #501c3 #grant #nonprofitgrants #giving #funding #nonprofitfunding",0,0,9,0,0,7.545454545454546,"we specialize in grants supporting women children health and education

schedule a free consultation today at 

        ","['specialize', 'grants', 'supporting', 'women', 'children', 'health', 'education', 'schedule', 'free', 'consultation', 'today', 'specialize', 'grants', 'supporting', 'women', 'children', 'health', 'education', 'schedule', 'free', 'consultation', 'today']",22,0,0.0,0.0
Think and Ink Grants,"Isaiah 1:17 

#grantwriter #grants #nonprofit #charity #501c3 #grant #nonprofitgrants #GPA #GrantProfessionalsAssociation #giving #funding #nonprofitfunding #funder #nonprofitfunder",1,0,14,0,0,6.0,"isaiah  

             ","['isaiah', 'isaiah']",2,1,0.6931471805599453,0.0
Think and Ink Grants,"LET'S CONNECT!

Schedule your complimentary consultation today at http://thinkandinkgrants.com

#grantwriter #grants #nonprofit #charity #501c3 #grant #nonprofitgrants #GPA #GrantProfessionalsAssociation #giving #funding #nonprofitfunding #funder #nonprofitfunder",0,0,14,0,0,8.166666666666666,"lets connect

schedule your complimentary consultation today at 

             ","['lets', 'connect', 'schedule', 'complimentary', 'consultation', 'today', 'lets', 'connect', 'schedule', 'complimentary', 'consultation', 'today']",12,0,0.0,0.0
Think and Ink Grants,"Funders are starting to think about this differently and expand their capacity for general operating grants.  However, if you ask any nonprofit leader, it's not happening fast enough.

Learn how to increase your general operating funding:",0,0,0,0,0,7.0,"funders are starting to think about this differently and expand their capacity for general operating grants  however if you ask any nonprofit leader its not happening fast enough

learn how to increase your general operating funding","['funders', 'starting', 'think', 'differently', 'expand', 'capacity', 'general', 'operating', 'grants', 'however', 'ask', 'nonprofit', 'leader', 'happening', 'fast', 'enough', 'learn', 'increase', 'general', 'operating', 'funding', 'funders', 'starting', 'think', 'differently', 'expand', 'capacity', 'general', 'operating', 'grants', 'however', 'ask', 'nonprofit', 'leader', 'happening', 'fast', 'enough', 'learn', 'increase', 'general', 'operating', 'funding']",42,0,0.0,0.0
Think and Ink Grants,"Think and Ink Grants can help you transform your grant seeking. 
Get in touch with one of our talented grant writers today.

#grantwriter #grants #nonprofit",0,0,3,0,0,5.357142857142857,"think and ink grants can help you transform your grant seeking 
get in touch with one of our talented grant writers today

  ","['think', 'ink', 'grants', 'help', 'transform', 'grant', 'seeking', 'get', 'touch', 'one', 'talented', 'grant', 'writers', 'today', 'think', 'ink', 'grants', 'help', 'transform', 'grant', 'seeking', 'get', 'touch', 'one', 'talented', 'grant', 'writers', 'today']",28,0,0.0,0.0
Think and Ink Grants,"Excited to announce that I will be speaking at the GPA Annual Conference in November!

Let us know in the comments if you will be attending.

#grantwriter #grants #GPA #GPAannualconference #GrantProfessionalsAssociation",8,1,5,0,0,6.333333333333333,"excited to announce that i will be speaking at the gpa annual conference in november

let us know in the comments if you will be attending

    ","['excited', 'announce', 'speaking', 'gpa', 'annual', 'conference', 'november', 'let', 'us', 'know', 'comments', 'attending', 'excited', 'announce', 'speaking', 'gpa', 'annual', 'conference', 'november', 'let', 'us', 'know', 'comments', 'attending']",24,9,2.302585092994046,2.1972245773362196
Think and Ink Grants,"We love our clients and love to hear how we are doing. 

#grantwriter #grants #nonprofit #charity #501c3 #grant #nonprofitgrants #GPA #GrantProfessionalsAssociation #giving #funding #nonprofitfunding #funder #nonprofitfunder",0,0,14,0,0,4.75,"we love our clients and love to hear how we are doing 

             ","['love', 'clients', 'love', 'hear', 'love', 'clients', 'love', 'hear']",8,0,0.0,0.0
Think and Ink Grants,"If you run a consulting firm, you understand the value of their greatest asset- your people. 
Transitioning from a solo practice to growing a team is vital to growing a business.",0,0,0,0,0,6.6875,"if you run a consulting firm you understand the value of their greatest asset your people 
transitioning from a solo practice to growing a team is vital to growing a business","['run', 'consulting', 'firm', 'understand', 'value', 'greatest', 'asset', 'people', 'transitioning', 'solo', 'practice', 'growing', 'team', 'vital', 'growing', 'business', 'run', 'consulting', 'firm', 'understand', 'value', 'greatest', 'asset', 'people', 'transitioning', 'solo', 'practice', 'growing', 'team', 'vital', 'growing', 'business']",32,0,0.0,0.0
Think and Ink Grants,"Think and Ink Grants® helps your nonprofit transform its grant-seeking strategy and deepen your community impact.  

Schedule a consultation today at http://thinkandinkgrants.com.",0,0,0,0,1,7.357142857142857,"think and ink grants helps your nonprofit transform its grantseeking strategy and deepen your community impact  

schedule a consultation today at ","['think', 'ink', 'grants', 'helps', 'nonprofit', 'transform', 'grantseeking', 'strategy', 'deepen', 'community', 'impact', 'schedule', 'consultation', 'today', 'think', 'ink', 'grants', 'helps', 'nonprofit', 'transform', 'grantseeking', 'strategy', 'deepen', 'community', 'impact', 'schedule', 'consultation', 'today']",28,0,0.0,0.0
Think and Ink Grants,"If you aren't going after the right grant opportunities, how do you expect to reach your goal?

#grantwriter #grants #nonprofit #charity #501c3 #grant #nonprofitgrants #GPA #GrantProfessionalsAssociation #giving #funding #nonprofitfunding #funder #nonprofitfunder",0,0,14,1,0,6.0,"if you arent going after the right grant opportunities how do you expect to reach your goal

             ","['arent', 'going', 'right', 'grant', 'opportunities', 'expect', 'reach', 'goal', 'arent', 'going', 'right', 'grant', 'opportunities', 'expect', 'reach', 'goal']",16,0,0.0,0.0
Think and Ink Grants,"If you are a nonprofit leader or serve on a Board of Directors and are thinking about engaging a fiscal sponsor, here are the eight things you need to know before seeking a fiscal sponsor.

http://thinkandinkgrants.com/post/8-things-to-know-about-fiscal-sponsorships…

#grantwriter #grants #nonprofit",0,0,3,0,0,6.375,"if you are a nonprofit leader or serve on a board of directors and are thinking about engaging a fiscal sponsor here are the eight things you need to know before seeking a fiscal sponsor



  ","['nonprofit', 'leader', 'serve', 'board', 'directors', 'thinking', 'engaging', 'fiscal', 'sponsor', 'eight', 'things', 'need', 'know', 'seeking', 'fiscal', 'sponsor', 'nonprofit', 'leader', 'serve', 'board', 'directors', 'thinking', 'engaging', 'fiscal', 'sponsor', 'eight', 'things', 'need', 'know', 'seeking', 'fiscal', 'sponsor']",32,0,0.0,0.0
Think and Ink Grants,"Last month we had the opportunity to go to Grand Rapids, Michigan to visit our client 
@NIAcentregr
. We held a focus group to discuss the needs of the Grand Rapids community.  Thank you to all who participated and for the work we continue to be a part of to help grow communities.",0,0,0,0,0,6.0,"last month we had the opportunity to go to grand rapids michigan to visit our client 

 we held a focus group to discuss the needs of the grand rapids community  thank you to all who participated and for the work we continue to be a part of to help grow communities","['last', 'month', 'opportunity', 'go', 'grand', 'rapids', 'michigan', 'visit', 'client', 'held', 'focus', 'group', 'discuss', 'needs', 'grand', 'rapids', 'community', 'thank', 'participated', 'work', 'continue', 'part', 'help', 'grow', 'communities', 'last', 'month', 'opportunity', 'go', 'grand', 'rapids', 'michigan', 'visit', 'client', 'held', 'focus', 'group', 'discuss', 'needs', 'grand', 'rapids', 'community', 'thank', 'participated', 'work', 'continue', 'part', 'help', 'grow', 'communities']",50,0,0.0,0.0
Think and Ink Grants,"We all can't afford to hire a grant writer.  Some of us will have to write the grant ourselves until we can afford to do better.

Here are four mistakes to avoid when writing a grant yourself.
http://thinkandinkgrants.com/post/4-mistakes-to-avoid-when-writing-a-grant…

#grantwriter #grants #nonprofit",0,0,3,0,0,5.2,"we all cant afford to hire a grant writer  some of us will have to write the grant ourselves until we can afford to do better

here are four mistakes to avoid when writing a grant yourself


  ","['cant', 'afford', 'hire', 'grant', 'writer', 'us', 'write', 'grant', 'afford', 'better', 'four', 'mistakes', 'avoid', 'writing', 'grant', 'cant', 'afford', 'hire', 'grant', 'writer', 'us', 'write', 'grant', 'afford', 'better', 'four', 'mistakes', 'avoid', 'writing', 'grant']",30,0,0.0,0.0
@mirrorgroupllc,"Join us in celebrating Mindelyn Anderson who is the keynote speaker at the Maryland State Library Cultures Conference tomorrow at 10am. The talk is titled ""Equity and Change Management"". Learn more at the website below!

https://sites.google.com/view/cultures-conference/home?authuser=0…",0,0,0,1,0,6.85,"join us in celebrating mindelyn anderson who is the keynote speaker at the maryland state library cultures conference tomorrow at am the talk is titled equity and change management learn more at the website below

","['join', 'us', 'celebrating', 'mindelyn', 'anderson', 'keynote', 'speaker', 'maryland', 'state', 'library', 'cultures', 'conference', 'tomorrow', 'talk', 'titled', 'equity', 'change', 'management', 'learn', 'website', 'join', 'us', 'celebrating', 'mindelyn', 'anderson', 'keynote', 'speaker', 'maryland', 'state', 'library', 'cultures', 'conference', 'tomorrow', 'talk', 'titled', 'equity', 'change', 'management', 'learn', 'website']",40,0,0.0,0.0
@mirrorgroupllc,"We've been featured in 
@Living_Cities
 new ecosystem map! It offers a sampling of the movement builders, equity consultants and other players advancing racial equity in and through local governments across the country: http://livingcities.org/blog/building-…

Check it out!

#Equity #Evaluation",1,0,2,0,0,6.8,"weve been featured in 

 new ecosystem map it offers a sampling of the movement builders equity consultants and other players advancing racial equity in and through local governments across the country 

check it out

 ","['weve', 'featured', 'new', 'ecosystem', 'map', 'offers', 'sampling', 'movement', 'builders', 'equity', 'consultants', 'players', 'advancing', 'racial', 'equity', 'local', 'governments', 'across', 'country', 'check', 'weve', 'featured', 'new', 'ecosystem', 'map', 'offers', 'sampling', 'movement', 'builders', 'equity', 'consultants', 'players', 'advancing', 'racial', 'equity', 'local', 'governments', 'across', 'country', 'check']",40,1,0.6931471805599453,0.0
@mirrorgroupllc,"Coming up this Thursday! Be sure to attend what will be an amazing event! Register at the link below.
#BMOREVOCAL #BLACKSPEAKERSNETWORK",0,0,2,0,0,6.0,"coming up this thursday be sure to attend what will be an amazing event register at the link below
 ","['coming', 'thursday', 'sure', 'attend', 'amazing', 'event', 'register', 'link', 'coming', 'thursday', 'sure', 'attend', 'amazing', 'event', 'register', 'link']",16,0,0.0,0.0
@mirrorgroupllc,"Calling all #evaluators, new and seasoned, accidental and formally trained, Mindelyn Anderson and the always AMAZING Esther Nolton for an interactive engagement to crowdsource skillbuilding opportunities.  

https://washingtonevaluators.org/event-4084072",0,0,1,0,0,8.352941176470589,"calling all  new and seasoned accidental and formally trained mindelyn anderson and the always amazing esther nolton for an interactive engagement to crowdsource skillbuilding opportunities  

","['calling', 'new', 'seasoned', 'accidental', 'formally', 'trained', 'mindelyn', 'anderson', 'always', 'amazing', 'esther', 'nolton', 'interactive', 'engagement', 'crowdsource', 'skillbuilding', 'opportunities', 'calling', 'new', 'seasoned', 'accidental', 'formally', 'trained', 'mindelyn', 'anderson', 'always', 'amazing', 'esther', 'nolton', 'interactive', 'engagement', 'crowdsource', 'skillbuilding', 'opportunities']",34,0,0.0,0.0
@mirrorgroupllc,"Here is an opportunity to work at #YearUp.  Check out this Associate Director of Research & Evaluation position. #hiringseason

https://yearup.wd1.myworkdayjobs.com/en-US/YearUp/job/Boston-MA/Associate-Director-of-Research---Evaluation_R516…",0,0,2,0,0,7.875,"here is an opportunity to work at   check out this associate director of research  evaluation position 

","['opportunity', 'work', 'check', 'associate', 'director', 'research', 'evaluation', 'position', 'opportunity', 'work', 'check', 'associate', 'director', 'research', 'evaluation', 'position']",16,0,0.0,0.0
@mirrorgroupllc,We are #hiring. Check out our postings for 2 full-time positions for US-based staff. Calling all #research and #evaluation folks who are passionate making #data accessible and eager to work with our team and the communities we love.,2,0,4,0,0,6.75,we are  check out our postings for  fulltime positions for usbased staff calling all  and  folks who are passionate making  accessible and eager to work with our team and the communities we love,"['check', 'postings', 'fulltime', 'positions', 'usbased', 'staff', 'calling', 'folks', 'passionate', 'making', 'accessible', 'eager', 'work', 'team', 'communities', 'love', 'check', 'postings', 'fulltime', 'positions', 'usbased', 'staff', 'calling', 'folks', 'passionate', 'making', 'accessible', 'eager', 'work', 'team', 'communities', 'love']",32,2,1.0986122886681098,0.6931471805599453
@mirrorgroupllc,"Presenting... a shiny new ""About"" page on the Mirror Group website! Head over to https://mirrorgroupllc.com/about to meet our new collaborators and read updates from our team! #mirrorgroupllc #collaboration",0,0,2,0,0,5.642857142857143,presenting a shiny new about page on the mirror group website head over to  to meet our new collaborators and read updates from our team  ,"['presenting', 'shiny', 'new', 'page', 'mirror', 'group', 'website', 'head', 'meet', 'new', 'collaborators', 'read', 'updates', 'team', 'presenting', 'shiny', 'new', 'page', 'mirror', 'group', 'website', 'head', 'meet', 'new', 'collaborators', 'read', 'updates', 'team']",28,0,0.0,0.0
@mirrorgroupllc,"Cheers to Founder & Principal Mindelyn Anderson for a double-header today speaking at the ""Early Scholars Colloquy: Chatting with Professionals: Prac- and Non-Academic Career Opportunities in 2020 and Beyond""  https://arnova.org/page/2020_conference…",0,0,0,0,0,8.055555555555555,cheers to founder  principal mindelyn anderson for a doubleheader today speaking at the early scholars colloquy chatting with professionals prac and nonacademic career opportunities in  and beyond  ,"['cheers', 'founder', 'principal', 'mindelyn', 'anderson', 'doubleheader', 'today', 'speaking', 'early', 'scholars', 'colloquy', 'chatting', 'professionals', 'prac', 'nonacademic', 'career', 'opportunities', 'beyond', 'cheers', 'founder', 'principal', 'mindelyn', 'anderson', 'doubleheader', 'today', 'speaking', 'early', 'scholars', 'colloquy', 'chatting', 'professionals', 'prac', 'nonacademic', 'career', 'opportunities', 'beyond']",36,0,0.0,0.0
@mirrorgroupllc,"We'll be joining our mentor Geri Lynn Peak at the 
@aeaweb
 conference today for a transformative conversation addressing healing during uncertainty and how each of us can find and cultivate spaces that help us cope. #EVAL20 #evaluation #aea #healingjustice
https://evaluationconference.org/e/in/eid=42&s=10255&print=1&req=info…",6,0,4,0,0,6.45,"well be joining our mentor geri lynn peak at the 

 conference today for a transformative conversation addressing healing during uncertainty and how each of us can find and cultivate spaces that help us cope    
","['well', 'joining', 'mentor', 'geri', 'lynn', 'peak', 'conference', 'today', 'transformative', 'conversation', 'addressing', 'healing', 'uncertainty', 'us', 'find', 'cultivate', 'spaces', 'help', 'us', 'cope', 'well', 'joining', 'mentor', 'geri', 'lynn', 'peak', 'conference', 'today', 'transformative', 'conversation', 'addressing', 'healing', 'uncertainty', 'us', 'find', 'cultivate', 'spaces', 'help', 'us', 'cope']",40,6,1.9459101490553132,1.791759469228055
@mirrorgroupllc,"How can human service providers build resilient, sustainable communities in the midst of crises and uncertainty? This Wednesday, collaborators Michaela Anang and Lisa Sargent discuss resourcing for community change. Register here!

https://events.r20.constantcontact.com/register/eventReg?oeidk=a07ehatasuha5baeac3&oseq=&c=&ch=…

#MCAPConference2020",1,0,1,2,0,7.857142857142857,"how can human service providers build resilient sustainable communities in the midst of crises and uncertainty this wednesday collaborators michaela anang and lisa sargent discuss resourcing for community change register here



","['human', 'service', 'providers', 'build', 'resilient', 'sustainable', 'communities', 'midst', 'crises', 'uncertainty', 'wednesday', 'collaborators', 'michaela', 'anang', 'lisa', 'sargent', 'discuss', 'resourcing', 'community', 'change', 'register', 'human', 'service', 'providers', 'build', 'resilient', 'sustainable', 'communities', 'midst', 'crises', 'uncertainty', 'wednesday', 'collaborators', 'michaela', 'anang', 'lisa', 'sargent', 'discuss', 'resourcing', 'community', 'change', 'register']",42,1,0.6931471805599453,0.0
@mirrorgroupllc,"Ready for tomorrow?? We're looking forward to all the offerings from the 
@aeaweb
 #EVAL20 virtual experience! From October 27-30, we're eager to hear reflections on “How Will You Shine Your Light?”

#EVAL20 #evaluation #AEA

https://evaluationconference.org/p/cm/ld/fid=341",2,0,4,3,0,6.923076923076923,"ready for tomorrow were looking forward to all the offerings from the 

  virtual experience from october  were eager to hear reflections on how will you shine your light

  

","['ready', 'tomorrow', 'looking', 'forward', 'offerings', 'virtual', 'experience', 'october', 'eager', 'hear', 'reflections', 'shine', 'light', 'ready', 'tomorrow', 'looking', 'forward', 'offerings', 'virtual', 'experience', 'october', 'eager', 'hear', 'reflections', 'shine', 'light']",26,2,1.0986122886681098,0.6931471805599453
@mirrorgroupllc,"There's still time to register for the 
@American
 Evaluation Association #EVAL20 virtual experience! From October 27-30 join in asking the question, “How Will You Shine Your Light?” 

https://evaluationconference.org/p/cm/ld/fid=341

#EVAL20 #evaluation #AEA",0,0,4,1,0,6.857142857142857,"theres still time to register for the 

 evaluation association  virtual experience from october  join in asking the question how will you shine your light 



  ","['theres', 'still', 'time', 'register', 'evaluation', 'association', 'virtual', 'experience', 'october', 'join', 'asking', 'question', 'shine', 'light', 'theres', 'still', 'time', 'register', 'evaluation', 'association', 'virtual', 'experience', 'october', 'join', 'asking', 'question', 'shine', 'light']",28,0,0.0,0.0
@mirrorgroupllc,"Full Friday for founder & principle Mindelyn Anderson! Catch her moderating with the 
@WashEval
 for the Navigating the Job Market as a New or Emerging Evaluator online discussion with an amazing line up of speakers!

https://washingtonevaluators.org/event-3951875",0,0,0,0,0,6.894736842105263,"full friday for founder  principle mindelyn anderson catch her moderating with the 

 for the navigating the job market as a new or emerging evaluator online discussion with an amazing line up of speakers

","['full', 'friday', 'founder', 'principle', 'mindelyn', 'anderson', 'catch', 'moderating', 'navigating', 'job', 'market', 'new', 'emerging', 'evaluator', 'online', 'discussion', 'amazing', 'line', 'speakers', 'full', 'friday', 'founder', 'principle', 'mindelyn', 'anderson', 'catch', 'moderating', 'navigating', 'job', 'market', 'new', 'emerging', 'evaluator', 'online', 'discussion', 'amazing', 'line', 'speakers']",38,0,0.0,0.0
The Spark Mill,"The consultant team grows...Introducing, Sarah Choi",3,0,0,0,0,7.8,the consultant team growsintroducing sarah choi,"['consultant', 'team', 'growsintroducing', 'sarah', 'choi', 'consultant', 'team', 'growsintroducing', 'sarah', 'choi']",10,3,1.3862943611198906,1.0986122886681098
The Spark Mill,"""Yay to You"" and Others Missives We Should Live By - http://eepurl.com/h8xL99",0,0,0,0,0,5.25,yay to you and others missives we should live by  ,"['yay', 'others', 'missives', 'live', 'yay', 'others', 'missives', 'live']",8,0,0.0,0.0
The Spark Mill,Generational Differences in the office - some thoughts on how to manage it.,0,0,0,0,0,8.6,generational differences in the office  some thoughts on how to manage it,"['generational', 'differences', 'office', 'thoughts', 'manage', 'generational', 'differences', 'office', 'thoughts', 'manage']",10,0,0.0,0.0
The Spark Mill,August is time to flex your change management muscles - https://mailchi.mp/908b5fe80f21/august2022…,0,0,0,0,0,6.166666666666667,august is time to flex your change management muscles  ,"['august', 'time', 'flex', 'change', 'management', 'muscles', 'august', 'time', 'flex', 'change', 'management', 'muscles']",12,0,0.0,0.0
The Spark Mill,August is time to flex your Change Management Muscles -,0,0,0,0,0,6.166666666666667,august is time to flex your change management muscles ,"['august', 'time', 'flex', 'change', 'management', 'muscles', 'august', 'time', 'flex', 'change', 'management', 'muscles']",12,0,0.0,0.0
The Spark Mill,Client Love: Change work isn't easy,1,0,0,0,0,4.666666666666667,client love change work isnt easy,"['client', 'love', 'change', 'work', 'isnt', 'easy', 'client', 'love', 'change', 'work', 'isnt', 'easy']",12,1,0.6931471805599453,0.0
The Spark Mill,The Great Resignation Transitions to The Great Reinvention,1,0,0,0,0,8.6,the great resignation transitions to the great reinvention,"['great', 'resignation', 'transitions', 'great', 'reinvention', 'great', 'resignation', 'transitions', 'great', 'reinvention']",10,1,0.6931471805599453,0.0
The Spark Mill,Some thoughts on trends in the benefit landscape and new job postings in Charlottesville and Northern Virginia - https://mailchi.mp/c5ee9973f857/july2022-7255078…,0,0,0,0,0,7.5,some thoughts on trends in the benefit landscape and new job postings in charlottesville and northern virginia  ,"['thoughts', 'trends', 'benefit', 'landscape', 'new', 'job', 'postings', 'charlottesville', 'northern', 'virginia', 'thoughts', 'trends', 'benefit', 'landscape', 'new', 'job', 'postings', 'charlottesville', 'northern', 'virginia']",20,0,0.0,0.0
The Spark Mill,"Job Alert - 
@PiedmontHousing
 is hiring for a Deputy Director of Operations and a Development Director - TSM is providing hiring assistance and we would love to see your resumes. Full descriptions with salaries and benefits here",0,0,0,0,0,6.8,"job alert  

 is hiring for a deputy director of operations and a development director  tsm is providing hiring assistance and we would love to see your resumes full descriptions with salaries and benefits here","['job', 'alert', 'hiring', 'deputy', 'director', 'operations', 'development', 'director', 'tsm', 'providing', 'hiring', 'assistance', 'would', 'love', 'see', 'resumes', 'full', 'descriptions', 'salaries', 'benefits', 'job', 'alert', 'hiring', 'deputy', 'director', 'operations', 'development', 'director', 'tsm', 'providing', 'hiring', 'assistance', 'would', 'love', 'see', 'resumes', 'full', 'descriptions', 'salaries', 'benefits']",40,0,0.0,0.0
The Spark Mill,What’s in a Name? A Call for You To Examine Your Words,0,0,0,1,0,5.0,whats in a name a call for you to examine your words,"['whats', 'name', 'call', 'examine', 'words', 'whats', 'name', 'call', 'examine', 'words']",10,0,0.0,0.0
The Spark Mill,The Landscape of Hiring Shifts To Benefits - It Is Time To Revisit Your Offerings,0,0,0,0,0,7.0,the landscape of hiring shifts to benefits  it is time to revisit your offerings,"['landscape', 'hiring', 'shifts', 'benefits', 'time', 'revisit', 'offerings', 'landscape', 'hiring', 'shifts', 'benefits', 'time', 'revisit', 'offerings']",14,0,0.0,0.0
The Spark Mill,"Hello, I’m Rita. I’m new in town.",0,0,0,0,0,3.3333333333333335,hello im rita im new in town,"['hello', 'im', 'rita', 'im', 'new', 'town', 'hello', 'im', 'rita', 'im', 'new', 'town']",12,0,0.0,0.0
The Spark Mill,The Great Anti-Racism Backlash and thoughts about the World being on  - http://eepurl.com/h3wRRL,0,0,0,0,0,7.2,the great antiracism backlash and thoughts about the world being on   ,"['great', 'antiracism', 'backlash', 'thoughts', 'world', 'great', 'antiracism', 'backlash', 'thoughts', 'world']",10,0,0.0,0.0
